Bus,Vm(pu),Va(deg),P_inj(pu),Q_inj(pu)
1,1.040000,0.000000,6.303890,21.211137
2,0.014199,1475.213807,0.069877,-0.219558
3,0.013477,668.941964,-0.061714,-0.029672
