Bus,Vm(pu),Va(deg),P_inj(pu),Q_inj(pu)
1,1.040000,0.000000,0.180590,0.027354
2,1.035515,-0.370475,-0.100001,-0.050002
3,1.032892,-0.617078,-0.080000,-0.040000
